Title,cluster,action_cluster,sentiment_score
출고 그냥 던져 두었던 사용 설명서를 소설 읽듯 정독 한번 했습니다 궁굼 했던 사용 설명서 읽어보시분들 한번 보세요 좋내요 보다보니 심지어 다이 할수 있도록,0,1,2.0
보통은 종이 설명서 쓰실테고 화일로 받아서 모니터에서 보고 싶을때 저는 차로 원하는 설명서를 찾아서 열면 요렇게 뜹니다 퍼스트 건담 설명서에요 클릭하면,0,1,0.5
있는데 혹시나 찾으실수 있는분 도움 바랍니다 첨부파일 메빌 풀크봉 건담 설명서 파일 다운로드 아래 첨부파일 메빌 풀콩 설명서 파일 다운로드,0,1,1.0
전세양타 처음 계약진행했는데 확인설명서 뒷장은 도장을 찍었는데 확인설명서 두번째장에 설명하였음 하는 부분에 도장을 안찍었어요 임차인분 전세자금대출,0,1,0.0
차량을 년만에 구입하려 하는거라 궁금해서 그러는대요 사면 책자로 차량취급설명서 주나요 차량 받으신분 답변점 주시면 고맙겠습니다,0,1,1.5
전체적인 사용설명서 말고 인포테인먼트 시스템 설명서 요약본은 따로 없을까요,0,1,-1.0
페리 계약자입니다 취급설명서를 미리 보고싶은데 기아사이트에서 아직 제공하지 않는듯 보입니다 올려주시면 좋을듯,0,1,2.0
제대로 붙여졌는지 모르겠습니다 스티커 부착 설명서 보니 기회는 한번뿐 이라고 써져있어서 진땀빼면서 붙였습니다 리어쪽에 물방울땀입니다 하아무튼,0,1,1.0
제조사에서 공급하는 사용자설명서 같은게 보통 있나요 그런 사용자설명서에는 운전 설치 시운전 소모품 유지보수같은 펌프의 사용자설명서와 같은 것이 되겠네요,0,1,0.0
아래는 양산형 바우 설명서에 나온 컬러 안내 입니다 본체는 아래와같이 조합 하던가 설명서 에서 말하는 건담컬러는 어떤걸 의미하나요 아님 반다이나 다른데서,0,1,-2.0
설명서 읽는 습관이 있어서 아오 빼고는 차살때마다 읽어본거 같은데 폭스바겐도 당연히 한글로 번역해 놓은 자동차 설명서가 존재하겠죠 설명서 숙지 하고 타야 그나마,0,1,0.0
아무리 찾아도 없네요 신형 사용자 설명서는 많은데 구형은 정말 안보이네요 혹시 마스터 구형 사용자 설명서 가지고 계시거나 링크 아시는분 계신가요,0,1,0.5
소장을 증거설명서라는걸 반드시 작성해야하나요 직접 법원에 제출할거구요 증거 용지 번호별로 종이 여러장이면 스테이플러로 박아도 되나요소장도 스테이플러,0,1,0.0
확인설명서쪽에 현장안내자란에 개공소공중개보조원해당없음이 있는데 해당없음은 어느경우일까요 부칙상 개공은 아닌거 같고 안내를 개공소공중개보조원이,0,1,-1.3333333333333333
이번에 이사를 하면서 케이스나 보증서는 있는데 종이로 설명서 매장이나 본사같은데 문의하면 해당 제품에 맞는 설명서 재발급같은거 해주나요,0,1,0.0
이제 한달안된 오너입니다 궁금한게있는데 주행중에 액티브 차선이탈방지 어시스트기능제한됨 사용설명서참조 요런게 나올때가있는데 왜그런걸까요,0,1,0.0
설명서 잘읽어보고 닦고 조립좀해놔달라고 했어요 아기 재우고 주방가서 보니 죄다 거꾸로 껴놓고 세제넣는칸이 원래 앞쪽가운데인데 오른쪽에 끼워져있고 설명서에 사진과,0,1,1.5
푸조 차주입니다 한글 사용설명서 분실하여 구해 봅니다 한글설명서 형태로 구합니다 푸조 년식 입니다,0,1,0.0
확인설명서에 최우선변제 적는 란에 소액임차인범위 금액을 초과하는 매물일시에는 어떤 적어야할까요 수도권이라 소액임차인범위가 만원 이하인데,0,1,0.0
스타피너무기설명서 가격 거래방법 택배거래 거래 희망 지역 판매자정보 중고나라 상품 상세 상태 양호하고 변신 돼요 무기 설명서 모두,0,1,0.5
다름이 아니고 이번 지오글라이더 어드벤스드팩 설명서 보고 정말 공부가 많이 됐는데요 카페에도 필요하신분들이 계실거 같아 공유해도 되는지 여쭙습니다 마침 저도,0,1,-2.0
첨부파일 블랙베리 설명서 파일 다운로드 첨부파일 블랙베리 클래식 사용자 설명서 파일 다운로드 블랙베리 클래식 공식 사용자,0,1,0.0
중고로 디젤 구매했는데요 사용설명서가 없네요 계기판에 뜨는 이상한 문양들 뭐가뭔지 알수가 없네요 혹시 설명서 구할수 있는 방법이 없을까요 부탁드립니다,0,1,-1.0
제가 혼자 하고 협회분들에게 문의 드려봐도 주거용오피스텔을 비주거용으로 확인설명서 작성하라고하셔서 여기다가 물어보게되었습니다 주거용오피스텔로,0,1,0.0
계약서와 확인설명서를 무조건 실물 원본으로 전달해줘야 되는걸까요 스캔본으로 문자나 이메일로 거래당사자에게 전달해도 무방한지 궁금합니다 매매 아니고 소액 월세라,0,1,-2.0
상품 정보 상품명 또봇 애볼루션 미니 설명서 가격 거래방법 택배거래 거래 희망 지역 판매자정보 중고나라 상품 상세 또봇 미니,0,1,1.0
임대인측이 준비한 계약서에 회사에서 만나 바로 작성하는 상황이어서 공제증서 확인설명서는 준비하지 못했구요 건은 아닙니다,0,1,-1.0
한글설명서포함 가격 거래방법 직거래 택배거래 거래 희망 지역 장항동 한글 설명서 있어서 쉽게 게임 가능합니다 일산킨텍스쪽 직거래 우선이구요 택배도,0,1,1.5
계약서의 면적 대지권비율로 계산된 대지지분과 확인설명서의 지분이 다르다는 문구가 뜨는데요 뭐가 잘못된걸까요 예를 적용하면 대지지분이 분에,0,1,-0.25
상품 정보 상품명 삼성 피쳐폰년박스설명서작 가격 거래방법 택배거래 거래 희망 지역 판매자정보 대만여행 상품 상세,0,1,1.0
설명서가 마땅히 없네요 간단한 구조라 건프라 만져본 사람이라면 얼추 알아서 껴맞춰 있긴 한데 무기 웨폰 구성은 어찌 조립 해야 할지 모르겠습니다,0,1,-1.0
사용법 공부해 두기로 마음 먹었습니다 사용설명서 입니다,0,1,0.0
사용설명서 가격 거래방법 직거래 택배거래 거래 희망 지역 군포동 판매자정보 구디구스유로몰 상품 상세 진공관라디오 사용설명서,0,1,1.0
인수하러가서 설명서나 기본 부속품들을 하나도 받지 못했습니다 자전거도 거의 년만이 타는데 입문이라 샥이나 스램 드레일러 설명서를 보면서 배우고,0,1,0.6666666666666666
설명서 가격 거래방법 직거래 택배거래 거래 희망 지역 군포동 판매자정보 구디구스유로몰 상품 상세 사용설명서 원본 독일어,0,1,1.0
사용설명서 가격 거래방법 직거래 택배거래 거래 희망 지역 군포동 판매자정보 구디구스유로몰 상품 상세 독일 라디오 사용설명서 책자,0,1,1.0
혹시 차에 설명서 있나요 이번에 받았는데 설명서 같은게 안보이길래 여쭤봅니당,0,1,1.0
패턴이 없이 설명서만 보냈습니다 헥사곤 크기는 한변이 에요 그려서 만드시고 혹시 다른 패턴이나 크기 모두 자유롭게 하셔도 좋습니다 저는 내맘대로 자유롭게,0,1,2.0
근데 사용설명서가 없네요 다운로드 받아서 보기에 불편해서 혹시 안보시는 사용설명서 책자가 있으시면 나눔 부탁드려요 오산이라서 근교이면 직접가지러 갈께요,0,1,-0.6666666666666666
가로등차단기두리계전 설명서입니다 세부사항 첨부화일 참조하세요 첨부파일 가로등차단기두리계전 파일 다운로드,0,1,0.0
다비오 카니발 전용 순정내비연동 장착할 있는 설명서 있으신분 부탁드려봅니다 제품구입후 장착비가 무려 만원이나 드네요 똥손이 아니라 설명서,0,1,0.0
년식 프리미엄 출고시 하이패스 단말기 설명서 가지고 계신분 요즘 간헐적 인식오류로 한번 뜯어봣어요 몇일전에 설명서같은거 버렷는데 인터넷에 아무리 찾아봐도 없군요,0,1,-1.5
월패드현대통신 설명서입니다 참고하세요 첨부파일 월패드 현대통신향 매뉴얼 파일 다운로드,0,1,0.0
참에 설명서를 읽던 이런 문구가 있어서 순간 멈칫했습니다 동물실험 결과 카더라도 아니고 설명서에 적혀있으니 혹시 주치의께서 바르라고 해주신 있을까요,0,1,0.0
상품 정보 상품명 한권으로 끝장내자 경리회계 인사노무 경영지원 실무설명서 가격 거래방법 직거래 택배거래 거래 희망 지역 노량진제동,0,1,1.0
취급설명서가 없길래 급한데로 파일 다운 받아서 보는데 불편하더라구요 그래서 복사하시는 사장님께 재본하려고 하는데 표지사진을 순정 취급설명서처럼 할려니,0,1,-0.75
상품 정보 상품명 차량설명서 팝니다 가격 거래방법 직거래 택배거래 거래 희망 지역 북부동 판매자정보 상품 상세,0,1,1.0
상품 정보 상품명 더넥스트 스파크 차량설명서 팝니다 가격 거래방법 직거래 택배거래 거래 희망 지역 북부동 판매자정보 상품 상세,0,1,1.0
이번 페리모델 사용자 설명서 가이드북 같은거 차사면 주자나요 그거 혹시 파일로 된거 구할 있을까요 아니면 책을 따로 미리 구할 있나요 차량 출고전에,0,1,-2.0
캐스퍼 일렉트릭 홈페이지에서 취급설명서 있네요 출고 기다리면서 보면 좋을 합니다,0,1,2.0
확인설명서 저장하려니 해당에러가 뜨네요 스트레스받아요,0,1,-0.5
청약서에는 서명을 상태인데 상품설명서에는 아무것도 서명을 하지 않았는데 미서명한 상품설명서를 민원해지 증거로 사용할수 있을까요,0,1,-2.0
세대는 페리 모델아닌가요 아님 다들 이렇게 써있으신건가요 차량 디자인은 신형 같습니다 원래 이런건가요 아님 설명서가 잘못들어 있는건가요,0,1,-1.0
다들 조립하실때 설명서를 모니터에 띄우고 하시나요 아니면 동봉되어이 있는 종이 설명서 보고 하시나요 보통 컴퓨터 책상에서 작업해서용,0,1,-2.0
취급설명서 없는 경우가 많더라구요 저도 중고차량이다보니 없어서 급한데로 파일 받아서 보긴했는데 먼가 아쉬운느낌이 들길래 카페 검색해보니 중고로 취급,0,1,-0.16666666666666666
상품 정보 상품명 금융경제학 사용설명서 가격 거래방법 택배거래 거래 희망 지역 판매자정보 로르텔 상품 상세 필기없이 깨끗합니다,0,1,1.5
안녕하세요 다음주 차량출고 기다리다가 의문이 생겨서여 항상 책자로만 사용설명서 받은거같은데 같은게 있을까요 아직도 책자만 있을까요,0,1,1.0
알고 타야 보다 안전하고 편하게 차량 운용할수 있을텐데 사용자 설명서가 국어 차량 주행중 계기판에 뜨는 각종 메세지 경고등에 관한 설명도 사용자 설명서에 설명되어,0,1,1.5
건축물 대장상 근린인데 실제 원룸으로 사용되고 있는 경우 계약서는 실제사용 용도 확인설명서는 대장상 용도로 쓴다는 것까진 알았는데요 대장상 위반건축물로 나오지,0,1,0.0
아이가 시계설명서를 작동법을 모르겠다고 설명서를 보내달라 하는 찾을 수가 없네요 혹시 카시오 모델 설명서 가지고 계신 계시면 설명서 올려주시면,0,1,-1.0
일날 올인원 터치 오븐 설치시 기사님이 사용설명서 안가지고 오셔서 일주일동안 오븐 작동하면서 좌충우돌 했었어요 사용설명서가 없으니 너무나 답답했는데 이제야,0,1,-1.0
바닥장판이 전전임차인이 매트를깔고써서 누렇게변색되어 현임차인이 매트를 깔아쓰고있는데 드러내보진못했는데 많이누렇다는데 확인설명서에 보통에,0,1,0.0
미주리를 도색중인데 설명서의 색상이 이상합니다 사진의 색상을 칠하려고 설명서의 색상표를 봅니다 군제 도료를 쓰는지라 색상을,0,1,-1.0
품번을 있을까요 품번을 알면 공홈에서 설명서를 다운받을 있을거 같아요,0,1,1.0
최근 브리옥스 구매했는데 설명서 안내만 받았는대 혹시 책자나 자세한 설명서 받으신분 계실까요 다이얼로 살껄하는 마음이 스물스물 올라오네요,0,1,1.0
층당 개의 호가 있고요 확인설명서를 작성할때 주거용 비주거용은 건축물대장 확인 작성하는것으로 알고 있는데요 제게 혼란을 주는 것은 근린생활시설 비주거용,0,1,0.0
타로카드설명서및포토북 가격 거래방법 택배거래 거래 희망 지역 판매자정보 중고나라 상품 상세 업어가세요 타로카드설명서및포토북도드려요,0,1,1.0
이명난청 설명서 읽어보신분 계시면 독후감좀 주세요 저는 난청에도 이명에도 도움이 않되여서요 책을 읽다 보면 치료방법이 간단하게 몇가지 있고 중요한건 이비안한의원,0,1,1.0
혹시 설명서 가지고 계신분 있으시면 있으시면 올려주면 감사하겠습니다,0,1,2.0
중고로 끌고오다보니 설명서가 아예 없네요 핸드폰으로 보려니 잘안봐지네요 다른 핸드폰으로 찬찬히 설명서를 읽긴 하겠지만 급한 마음에 여쭤봅니다,0,1,0.0
어메지잉 엑시아 설명서 구합니다 연락처 삼둘하나영일 문자 주시거나 주세요,0,1,0.0
설명서 안내 책자 구하려면 사업소 가서 구매 해야 하는지요,0,1,0.0
있는데 설명서가 없어서 모르겠습니다 사진으로 인터넷을 찾아보니 스탠다드호리즌 해상용 무전기 이거인거 같던데 선배님들 혹시나 설명서가,0,1,-1.0
정발설명서 가격 거래방법 택배거래 거래 희망 지역 판매자정보 일산엔틱샵 상품 상세 디스크 기스 조금 전체적으로 양호합니다 두툼한 한글설명서,0,1,1.0
첨부파일 공동주택세대점검방법안내설명서 파일 다운로드 공동주택세대점검방법안내설명서,0,1,0.0
차가 나오기 전에 기아차 홈페이지에서 사용설명서를 스마트폰과 태블릿으로 다운 받아서 공부를 했습니다 인수 사용설명서를 보는 순간 왕실망 했습니다,0,1,-0.5
예전에 작성했던 뱀사용 설명서인데 현재 에코프로비엠은 땅굴존에 머물고 있으며 주가가 움직이지 못하는 이유는 여러가지 이유가 있지만 수급이 부재인 상황에서 아직도,0,1,0.0
상품 정보 상품명 루트론디지털 압력계본품 센서설명서 센서설명서 성능 무난합니다 중고나라 안전거래 또는 구제주 직거래,0,1,2.0
안녕하세요 아직 차량 출고 대기중입니다 혹시 차량 인수받을때 차량 설명서나 설명서 어플 담당자분께서 안내해주시나요 기능에 대하여 아는 지식이 일도 없어요,0,1,0.0
중고거래로 부분 조립품을 구했는데 설명서가 없어요 혹시 반다이 설명서 같은거 다운 받을데 있는지 고수님들 조언구합니다,0,1,0.0
안녕하세요 오쿠중탕기를 놓고 한번도 사용을 했습니다 비용을 절감할겸 해서 한약을 달여서 마실려고 하니 사용설명서가 없어졌네요 혹시 중탕기 사용설명서,0,1,-1.0
사용설명서랑 사용법 자세히 적어주면 좋겠다는 생각이 드네요 그런 없으니 그런 건지 가끔씩은 사용설명서가 있었으면 좋겠다는 생각입니다 이상 늙은이였습니다,0,1,1.0
설명서를 분실했습니다 혹시 데이터로 가지고 계시는분 있을까요,0,1,0.0
놓지를 못하겠네요 그래서 지금도 계속 이런 기능 사용 설명서 영상 같은거 보면서 뇌이징 시키고 있습니다 그나저나 다이내믹 앰비언트 라이트 예쁘네요,0,1,1.0
변경되는 확인설명서 언제부터 사용해야 하나요 한방 가입을 안해서 확인이 안되는데 혹시 한방에는 바뀐 확인설명서로 뜨나요,0,1,0.0
레고홈페이지에 있는 파일은 실제 설명서 대비 색상구분이 어렵더라구요 특히 피규어 얼굴 확인 실제 설명서 처럼 좋은 화질로 볼수있는 사이트 같은게 있을까요,0,1,0.0
한글 설명서 입니다 패키지 매뉴얼 책자에 있던 한국어 설명 부분을 제가 읽어보기 좋게 용지 사이즈로 편집 했습니다 한글 설명서를,0,1,2.0
설명 약품설명서의 번째 부분은 약물의 활성 물질과 성분들에 대해 알려 준다 약품설명서의 목적 부분에는 의약품의 제약 형식에 대한 정보가 수록되어 있다 또한,0,1,0.0
최근 디스커 중고 구매 했는데 설명서 구할 있는지요 차량에 설명서가 하나도 없어 써보며 배우려니 답답 합니다 센터 에서는 한대당 하나씩 이라 여분이 없다는데 책자,0,1,0.0
등기사항전부증명서 갑구의 주소와 주민등록의 현주소가 상이할때 확인설명서의 소유권에 관한사항란의 주소는 어떤걸 기입하나요 등기사항전부증명서에 기록된 주소,0,1,0.0
오늘 개정된 확인설명서 궁금한 점이 몇가지 있습니다 관리비 기재 부분에서 년간 평균 관리비를 적으라고 하는데 공용관리비를 말하는건가요 아니면 개인사용량을 합한,0,1,-2.0
플라잉팡 제품 설명서 파일은 게시물 하단 첨부파일 클릭하시면 다운로드 받으실 있습니다 플라잉씽 제품 설명서 파일은 아래 첨부파일 클릭하시면 다운로드,0,1,1.0
설명서 가격 거래방법 택배거래 거래 희망 지역 판매자정보 일산엔틱샵 상품 상세 실기스 제외하고 상태 좋습니다 디지팩 아웃박스디스크 한글설명서,0,1,1.5
설명서에는 우리 등장인물 친구들이 설명을 해주고 있으며 한쪽면만 컬러이며 반대쪽면은 흑백입니다 만족입니다 좋은 주말 되시길 바랍니다,0,1,1.6666666666666667
쉐비타운 멀티팩 사용설명서 요청드립니다 쉐비타운 멀티팩 시공시에 받은 설명서를 잃어버려서 설명서를 갖고 계신분 요청드립니다,0,1,0.0
기아자동차홈페이지에서 사용설명서 내려받았어요 컴퓨터나 모바일에 저장 두고 필요할때마다 검색할 있습니다 첨부파일 셀토스,0,1,1.0
첨부파일 파일 다운로드 일본어판 세가 새턴 설명서매뉴얼입니다 그냥 새턴 박스안에 들어있는 그겁니다 파일입니다,0,1,0.0
설명서만 지키면 김재윤은 마무리 잘할겁니다 크트가 작년에 괜히 상위권이었던게 아니죠 그런데도 오승환 아니면 마무리 없다는 말들은 이해 안가네요,0,1,-0.4
페리 자동차 사용설명서가 나와 공유해 드립니다 모두 즐거운 주말되세요 모두 힘내세여 첨부파일 쏘렌토 설명서 요약 파일,0,1,2.0
붐박스 설명서를 보고 그림체와 시기상 토리야마 아키라씨의 작업이 아닌가 하는 설명서 그림들이 때의 그림들이 아닌가 하는 논의가 있습니다,0,1,-2.0
그후 계약서 작성시 확인설명서에 도시가스라고 체크해 진행했구요 잔금입금후 확인설명서 신고도 넣었네요 소송얘기도하고요 계약서 특약사항에 도시가스전기증설등,0,1,0.0
언박싱 하면서 조립할때 사용설명서가 영문판이어서 대충 번역해서 음감은 입니다 즐거운 주말 되세요 마란츠 사용설명서 한글,0,1,2.0
간단한 물건을 하나 사도 사용설명서를 살펴보는 편인데 초보가 중고로 데려와서 아는게 너무 없네요 현대자동차 사이트에 사용설명서 다운로드가 있기는 하나,0,1,-1.0
누가 찾으시는듯해서 저도 예전에 오성제빵기 당근에서 캐와서 깔끔한 설명서스캔본 찾으려고 서치 많이 했었다는 설명서보다 옛모델인데 딱히 다른점이,0,1,0.0
첨부파일 블랙베리 설명서 파일 다운로드 첨부파일 블랙베리 클래식 사용자 설명서 파일 다운로드 블랙베리 클래식 공식 사용자,0,1,0.0
안녕하세요 혹시 얀마 사용설명서 정비지침서 구하는법좀 알수있을까요 아무리 인터넷에 뒤져봐도 없더라고요,0,1,-1.0
그곳에서 설명서 검색을 하면서 확인했는데 맙소사 뿔은 재질인데 페이스쪽은 이쁘게 알아가는 시간을 갖도록 해볼게요 선생님들도 항상 설명서 꼼꼼히 챙겨 보시길,0,1,1.5
캠핑카에 차량에 장착되어 있는 무시동 히터 에버스패커 사용설명서매뉴얼 첨부 한글 사용 설명서 입니다 한번씩 정독,0,1,1.0
과업설명서라는걸 해달라고 학교측에서 요청하시네요 과업지시서는 발주처에서 보내달라고하더라구요 혹시 과업설명서나 과업지시서 서식 갖고 계신분 계실까요,0,1,0.0
퇴거시키는 조건으로 매매 계약을 하게 되었습니다 잔금이 빠듯하여 계약을 이틀 뒤에 하기로 했는데 집에 하자 확인해야하는 부분 확인설명서 작성 어떤식으로 하시나요,0,1,0.0
설명서라고 그림만 있고 와이프가 핸드폰으로 판매자 사진올라온거보고 조립했습니다 무게가 엄청 나가요 키로 될려나 샹들리에 왜들 설명서를,0,1,0.0
시스넴 에어컨 사용 설명서 첨부파일 시스템에어콘 유선 리모콘 파일 다운로드,0,1,0.0
보관중인 회원분들 없으실까요 설명서를 분실해서 조립이안되네요 검색해봐도 찾을수가 없네요 사진으로 찍어서 올려주시면 대가 복받으실겁니다,0,1,0.0
처음 진행한 전자계약인데 각자 서명 마치고 나중에 보니 확인설명서에 건폐용적율을 기재 안했네요 실거래신고완료까지 진행 됐는데 해제 하고 다시 해야 할가요,0,1,0.0
안녕하세요 어탐기 삼영플로타 쓰시는분들 사용설명서 책자 있으시면 대여 좀부탁 드립니다 프로비스 모델인데 당체 조작 방법을 모르겠네요 설명서 가지고계시면,0,1,0.0
확인 조립설명서를 보다보니 뒤에선 정상적으로 되어있네요 별로 크게 신경쓰실 오류는 아닌듯 합니다 그리고 초기특전이라던 스커트가 아예 런너리스트에 있는거 보면,0,1,-1.0
설명서가 파일 형태이면 테블릿이나 핸폰에 넣어서 확대 해서 볼수 있을거 같은데 책자는 글씨가 작아서 보고 있노라니 눈이 가물가물해지고 피곤해지네요 사용설명서,0,1,-1.0
정발설명서 가격 거래방법 택배거래 거래 희망 지역 판매자정보 일산엔틱샵 상품 상세 디스크 기스 조금 전체적으로 양호합니다 두툼한 한글설명서,0,1,1.0
조립 하고 있으니 너무 평온해집니다 근데 설명서 시스템 너무 좋은데요 그림으로 떼어낼지 나타내주는 전에 만들었던 설명서 봤더니 있는것도 있고,0,1,1.0
뉴비틀 년식을 입양하려고보니 사용설명서가 없네요 혹시 사용치 않는 설명서 나눔이나 구입처를 알려주시면 감사하겠습니다,0,1,0.5
신차 구입하면 설명서를 정독하는편인데 그냥 이건 책이네요 쉽지않습니다 며칠 읽었는데 아직 정도 읽은 같네요 뭔가 당연히 아는 내용이 대부분이지만,0,1,0.0
레고벌크키로 설명서 가격 거래방법 직거래 택배거래 거래 희망 지역 묵제동 판매자정보 꽃다윰 상품 상세 레고벌크와 설명서 입니다 그냥편하게 가지고,0,1,0.16666666666666666
제품 설명서에 하루 최대 이런 거보다 넣거나 복용하라고 처방했을 설명서대로 하는데 그게 맞겠죠 다른 운정맘님들도 그런 있으신가요,0,1,0.0
이사하면서 설명서를 잃어버렸는데 딸내미가 조립해달라고 하네요 설명서 있으신분 하나만 찍어서 올려주세요,0,1,-1.0
구입시 알려준 드라이버스 가이드는 너무 사용설명이 국한적이고 사용자설명서 책자는 내용이 너무 방대해서 찾고자 하는 메뉴를 찾기가 힘든데 어떤 방식이 그나마 쉽고,0,1,0.0
오산이였네요 년만에 바꾼 차가 진짜 신기하고 새로운 기능들이 많다보니 모르는게 많네요 출근할때 설명서 챙겨서 왔는데 출장 시간이 떠서 정독 해봐야겠네요,0,1,1.6666666666666667
히어로즈한글설명서 가격 거래방법 택배거래 거래 희망 지역 판매자정보 일산엔틱샵 상품 상세 케이스 두툼한 한글설명서 깨끗하고 디스크 잔기스,0,1,1.5
건담 프라모델 파는 앞에서 엔짜리 가챠 돌렷는데 숙소와서 아이가 뜯어보니 설명이랑 뽑은상품이랑 달라서 조립을 할수가 없어요 프라모델 파는 들고가면 설명서,0,1,-1.0
그것은 사용설명서 언박싱하면 반드시 들어있는것 모르면 보고 따라하는 용도로 만든 것이기에 아무리 복잡한 기기라도 사용설명서를 읽고 따라만 하면 전부 터득가능하다,0,1,0.5
중개대상물 확인설명서를 보면 등기나 대장 등을 보고 채워야 하는 부분이 있는 반면 입지 조건 같은 중개사가 임의로 채우는 항목들도 있습니다 중개대상물 확인설명서에,0,1,1.0
눈이 아파서 컴터로 설명서 보면 눈이 아플거같아서 종이 설명서로 맞추다가 오류인 부분만 보려하는데 번만 오류 맞나여,0,1,-2.0
던전 드래곤의 조립 설명서 표지 챌린지에서 위의 작품이 선정되었다고 합니다 설명서 표지는 레고사의 손을 거쳐 약간 변경될 있다고,0,1,0.0
아직 안들어 왔어요 이럴경우 확인설명서에 교육시설은 거리상 가까운 예정되어 있는 학교를 적으면 되는건지 아님 현재 배정학교를 적어야 하는건지 궁금해요,0,1,-2.0
근데 한시간은 설명서에도 무슨 일이 일어나는건지 나와있지 않아서요 두시간 동안 만들고 시간이 주어지는 동안 그냥 꺼내도 되나요 아니면 그대로 나둬야,0,1,-2.0
힘들게 오늘 받았는데 설명서는 없이 애칭만 왔네요 기타부품은 다른 에칭설명서타이타닉버전를 참고하면 될거 같은데 난간은 도저히 안될거 같아서요 그래서,0,1,-0.5
첨부파일 수능특강 문학 사용설명서 파일 다운로드 저화질이지만 올려봅니다 갤탭이신 분들은 보단 삼성 노트로 열면 화질이 낫습니다,0,1,1.0
인천세관에서 물건이 못나오고 있습니다 왜이럴까요 용도는 화이트안료 입니다 이미 많은업체에서 수입했던제품인데 왜이럴까요 오늘로 일째 용도설명서를 주라네요,0,1,1.0
만약 제가 틀렸다면 표시 이미지를 다시 생각해봐야 거라 봅니다 이것 때문에 너무 충격 받아서 오늘은 설명서 여기서 그만 봐야겠네요,0,1,-0.3333333333333333
토요토미 제품 사용설명서를 구하고 싶은데요 어디서 다운 받을수 있을까요 한국이나 일본 홈페이지에서도 찾겠습니다 혹시 아시는 있으면 링크,0,1,1.0
사용설명서 가격 거래방법 택배거래 거래 희망 지역 판매자정보 상품 상세 마더텅은 사용설명서는 팝니다 마더텅은 프로정도 정말 조금,0,1,1.0
수능특강교재를 구매하려하는데 사용설명서도 구매하는게좋을까요 전과목을 전부구매하는게 좋겠죠 국어독서문학언매 수학확통수수 사문 한국사 생명과학,0,1,2.0
취급설명서 책으로 보려다 파일로 저장해서 갖고 다니면 필요할때 바로 확인이 가능할것 같아 찾아보니 년도에 올린것 밖에 없네요 혹시 또는 취급설명서,0,1,0.5
이점 참고하고자 설명서 책자를 구입하고 있사오니 여러 회원님들 가능하시면 연락주시기 바랍니다 안전 운행하시고 빗길 조심하시길,0,1,1.0
소방 세대점검 공고문 설명서입니다 필요하신분 참고하십시요 첨부파일 세대배부용소방시설 세대점검 안내설명서월 파일 다운로드,0,1,0.0
로만 써야하느건지 설명서를 분실해서 찾아보니 레고본사는 구매가 안되서 궁금해서 여쭤봅니다,0,1,0.0
올드레고 박스에 있는 얼터 빌드들 중에 괜찮은 디자인들이 있어서 조립해보고싶은 적이 많았는데 설명서는 없고 박스에 이미지만 있어서 아쉬운적이 많았습니다,0,1,0.6
지난 신차 수령하면서 취급설명서 책자를 받았고 홈페이지에서 취급설명서 화일을 다운 받아 보고 있는데 첨부 사진 처럼 인쇄 오류가 있는 곳이 더러 보입니다 책자는,0,1,0.0
아이오닉보다 넓은 같아요 대박입니다 설명서만 챙겨와서 정독 들어갑니다 안드로이드 오토는 클릭하니까 연결하라고 나오던데 설명서 한번 봐야겠네요,0,1,0.0
첨부파일 공동주택 세대점검 방법안내 설명서 파일 다운로드,0,1,0.0
첨부파일 공동주택 소방시설 세대점검 방법 설명서 파일 다운로드,0,1,0.0
첨부파일 허브구동기사용설명서구형 파일 다운로드,0,1,0.0
기아 모닝기아모닝정보신형기아모닝경차동호회모닝중고 년모닝신형모닝정보모닝동호회기아모닝 예전에 올렸는데 디즐 아는 내용이라,0,1,0.0
이번에 타미야 사서 조립 중인데 설명서에 궁금한 점이 있어서 도움을 받고자 글을 작성합니다 저기 설명서에 나와있는 타미야 순간 접착제는 네이버에서,0,1,-0.5
첨부파일 삼성에어컨 유선리모컨 사용설명서 파일 다운로드,0,1,0.0
북미형이라 모니터에 영어로만 나와서 불편하네요 한글로 차량설명서 구해서 공부좀 할려고 하는데 차량설명서 구할 있을까요,0,1,-2.0
설명서 어렵게 써놨네요 그런데 댓글로 어떤분께서 오토에어컨 처음부터 바람세기 약중강 설정 가능하다고 하셨는데 저는 어디에가서 조절하는지 모르겠네요,0,1,0.0
사용설명서좀 보세요요즘은 차가 어지간한 전자기기보다 복잡합니다 선풍기를 사도 설명서를 보는데 차는 사용설명서를 안보시나요 몰라서 차량이,0,1,-1.0
첨부파일 싼타페 취급설명서 파일 다운로드 싼타페 취급설명서 파일 올려드립니다 해킹이나 이런 불법적인 파일 아니니깐 편하게 다운로드 받아 보시면,0,1,-0.25
이후 페리모델 사용설명서 구해보아요 혹시 파일로 가지고 계신분계신가용 늦었지만 정독한번 해볼려고 합니다 오늘 요기능을 처음 봤네요,0,1,-1.0
첨부파일 완강기사용설명서 파일 다운로드 이번에 소방시설등 종합점검 실시했는데 발코니에 있는 완강기 사용설명서가 몇장 떨어져서 지적을 받아 인터넷에서,0,1,0.0
상품 정보 상품명 이코 정발 한글설명서 가격 거래방법 택배거래 거래 희망 지역 판매자정보 일산엔틱샵 상품 상세 디스크 실기스 여럭곳,0,1,1.0
제품이 항상 문제인게 설치 설명서가 없어요 버체때는 제품이 발매한지 얼마 요청했더니 설명서를 파일로 주셔서 그거보고 설명서가 다행이 영어 번역기,0,1,-1.0
상품 정보 상품명 노래방 설명서 가격 거래방법 택배거래 거래 희망 지역 판매자정보 일산엔틱샵 상품 상세 디스크 기스조금,0,1,1.0
안녕하세요 페리전 차량 취급설명서 책자를 구하고 있는데 혹시 제네시스 홈페이지 파일 말고 종이 책자로 구할 있는 방법이 있을까요,0,1,0.0
차량 설명서중 계기판 부분만 발췌해봤습니다 참고하시고 안전운전하세요,0,1,0.0
상품 정보 상품명 블랙 영어판 설명서 디스크상태굿 가격 거래방법 택배거래 거래 희망 지역 판매자정보 일산엔틱샵 상품 상세,0,1,1.0
정말 경험없는 처음이라 영어 설명서 처음보고 당황 그리고 센치가 아니고 주어진 재료와 정해진 순서대로만 만들다가 설명서보면서 원단 고르고 크기,0,1,-0.3333333333333333
한글 설명서 감사한데 제품 받으면서 꾸깃꾸깃하니 중고품도 아닌데 마음도 꾸깃꾸깃 비닐에 헤드폰이랑 그냥 같이 들어있네요 액땜삼아 본품은 괜찮기를,0,1,0.5
결국 실수로 벌어진 시건 사고라는 저같은 실수하지 마세요 설명서는읽자 제품설명판매처메뉴얼확인필수 돈으로막자,0,1,-0.3333333333333333
프리미어 차량 설명서 책자 구합니다 아버지께서 잃어버리신거 같으셔서 컴퓨터로는 보기가 힘들다고 하셔서 구해봅니다,0,1,-1.5
페이스리프트 사용 설명서 유투브 공유합니다 출고 대기 중이신분들이나 아직 익숙하지 않으신분들 한번씩 보세요,0,1,0.0
안녕하세요 언젠가 사줬던 아들이 꺼내와서 조립해달라고 하는데 설명서가 없습니다 안되고 어플로 검색해봤는데도 안되네요 마인크래프트 같은데 도무지 찾을 수가,0,1,-1.0
드리미 제품설명서를 드리미홈 어플에 있는 다운로드로 다운받으면 에러 문구만 뜨고 다운로드가 안되네요 구입시 동봉된 제품설명서는 중국어로 되어 있어,0,1,-1.0
아는데 설명서에는 스마트회생제동 모드 전방 레이더 센서까지 탑재되어 있다고 하네요 그리고 회생제동은 단계페달모드까지 되는데 설명서에는,0,1,0.0
기능 설명서 읽어보니 정말 많은 발전을 했네요 설치 위치는 직배수를 염두에 두고 설명서 오류 부분 한가지 설명서에는 스테이션 전원꽂고 청소기 본체의 전원을 켜서 발판,0,1,0.3333333333333333
더뉴그랜져 하브 캘리를 중고구입했어요 빌트인캠도 있고 해서 기능은 많은데 더듬더듬 찾아가는중이에요 안내책자가 없어서 한번 보고싶은데 어디서 구할수있을까요,0,1,0.5
안녕하세요 오늘 드디어 샵에서 하브 차량을 인수 했습니다 차에 차량설명서는 없고 간편설명서만 있던데 하브는 두꺼운 책은 안주나요,0,1,-1.0
그럴때 확인설명서는 어떤 종류 쓰세요 제가 오피스텔 계약서는 안써봤는데 최근에 모두 제가 임차인이라 계약서를 안써서 다행이다 생각했는데 확인설명서를 보니 한분은,0,1,0.0
혹시 이레고 설명서 가지고 계신분 있을까요 설명서를 잃어버려 만들지도 못하고 설명서 있으시면 공유 부탁합니다,0,1,-0.5
오늘부터 기다리는동안 쏘나타 디엣지 사용설명서 공부해보려 합니다 처음이니 사용설명서에 나와있는 쏘나타 디엣지 신차 길들이기 항목인데 제가 잘못알고 있을수도,0,1,0.5
제품설명서를 우연찮게 봤는데 너무 재밌게 쓰여져있네요 번째 읽어보세요 괜찮으니까 신속하고 과감해지라네요 이런 신박한 설명서라니 설명서대로 신속하고,0,1,1.0
출처귀뚜라미범양냉방 흡수식 냉온수기 사용설명서 필요하신분 계신거 같아서 하나 용량이 커서 압축으로 올립니다 첨부파일 흡수식냉온수기사용설명서 파일 다운로드,0,1,0.0
한글설명서 가격 거래방법 택배거래 거래 희망 지역 판매자정보 일산엔틱샵 상품 상세 디스크 기스들은 있으나 작동 이상없습니다 설명서 깨끗,0,1,0.0
다시방에 보니 사용설명서가 요약본만 있던데요 예전엔 두꺼운 책자 형식으로 설명서가 있었는데 요즘엔 이런 책자 형식의 사용 설명서는 주지 않나요 기능 찾아 것이,0,1,0.0
아직 따로 스핀마스터측에서 구매링크를 만들어준건 아닌데 설명서를 선공개했더라구요 한국어 설명서는 안내줄 같은 느낌이라 제가 틈날때마다,0,1,-2.0
인포테인먼트 설명서는 정도 얇은 쪼가리 입니다 사용해 보니 사실 자동차 설명서 만큼 두꺼운 책자로 줘야 같아요 다른 분들도 얇은 쪼가리 설명서 외에,0,1,0.0
안녕하세요 혹시 세대 에스컬레이드 설명서 책자 구할수 있는 방법이 있을까요 세대 구매직전인데 책자는 당연히 없더라구요 기왕이면 책자한번 보고싶어서요,0,1,-1.0
설명서인데 사각형안에 알파벳은 무슨뜻일까요 부품위 표기된것 런너알파벳도 아니고 색상표도 아니고 도통 모르겠네요 아시는분은 지식을,0,1,-2.0
취급설명서 삽니다 가격 거래방법 직거래 택배거래 거래 희망 지역 농소동효문동 판매자정보 참별 상품 상세 더뉴싼타페 년식 가솔린 취급설명서,0,1,1.0
안녕하세요 혹시 사용설명서 있으면 요청가능할가요 계기판은 우측 필러에 있는 모델입니다 부탁드리겠습니다,0,1,2.0
확인설명서 번에 관리비는 아파트는 세대당 사용하는 관리비가 있지만 주택의 경우에는 건물청소비등등 내는 관리비가 따로 있잖아요 그럼 확인설명서에는 이걸 모두다 써야,1,1,0.0
소속공인중개사로 현장안내 했다면 중개대상물 확인설명서 현장안내 부분에 소속공인중개사 체크 하는데 이런경우에 계약서 확인설명서에 소공 서명 날인을 같이,1,1,1.0
모든 확인설명서에 표시되야 하는 공통사항입니다 물권 거세실수 대상물건의 표시 권리관계 거래예정금액 세율 실제권리관계 중개보수 실비 물권 거세실수,1,1,-0.3333333333333333
오늘은 서랍장을 열어서 세탁기 건조기 설명서와 안쓰는 안경 보증서 손톱깍기케이스 언젠가 쓸까봐 챙겨둔 종이상자를 비웠습니다 보이지 않은 곳을 번씩 열어보는 것도,1,1,0.0
계약서 앞쪽하단엔 실제거주 주소 확인설명서 앞쪽 권리주소엔 등기부상주소 이래쓰는게 맞는거죠,1,1,0.0
안녕하세요 구매후 일되었는데 도어 잠금 장치에 주의하십시오 사용 설명서를 참조하십시오 시동종료시 에러가 표기됩니다 혹시 해결방법있나요,1,1,0.0
비주거용 건물의 경우 확인설명서내 출입구 방향 기재를 주된출입구로 하고있는데요 집합건물의 경우 건물의 출입구 방향과 내부 호실의 출입구가 방향이 다를경우 건물의,1,1,0.0
사용 설명서를 올려 봅니다 매뉴얼 바디 카메라 사용하기 전에 온스 배터리 용량 충전 시간 시간 포장 목록 카메라 설명서,1,1,0.0
세대 하야부사를 입양했는데 계기판 설정이나 여러기능이있는걸로아는데 설정방법을 모르겠습니다 공식홈페이지에는 사용설명서 신형만있고 설명서나,1,1,0.0
오피스텔 건물자체는 업무용 오피스텔인데 실제 주거용으로 사용하면 확인설명서 주거용으로 작성해야 하는건가요 오피스텔 주거용으로 작성하면 수수료가 금액에 따라,1,1,0.0
전자소송 준비서면 냈는데 유책이 변호인이 증거설명서 냈네요 어떤식으로 전자소송 양식들어가서 증거설명서 반박 답을 해야될까요 본문 글양식 초성어 사용 금지,1,1,0.0
르노 어플에서 차량 설명서를 열면 항상 열리더니 오늘은 열리네여먼가 네비도 잘될것 같은 느낌적인 느낌,1,1,1.0
며칠전 쓴글인데요 올릴까 말까하다가 올려봅니다 확인설명서 개정 장수가 늘어났어요 하라는 것은 많고 책임은 댑따 지우고 공인중개사들만 죽어나네요,1,1,0.0
설명서만 등록이 상태이고 아직 개봉해서 열어볼 수는 없습니다 일부터 배송이라고 했으니 이제 열흘정도 남았네요,1,1,-1.0
계량기옴니시스템 통신단자 설명서입니다 첨부파일 옴니시스템 통신단자 파일 다운로드 세부 단자설명은 첨부화일에 있습니다,1,1,0.0
클래스 모임 기본정보 클래스 이름 가치나눔 클래스 회차 클래스 주제 사용설명서호흡과 척추 그리고 관절 이해하기 강의 내용 몸을 살리는,1,1,1.0
시행령 시행규칙이 개정되어 확인설명서 작성시 궁금해서 여쭤봅니다 시행에 따른 안내문을 읽어보긴 했는데요 확실히 하고 싶어서 선배님들께 질문드려요 원룸,1,1,1.0
경비실기 사용설명서현대통신 입니다 자세한 설명은 첨부화일 참조 하세요 첨부파일 현대통신 경비실기 파일 다운로드,1,1,0.0
그랜저 연식변경 이후 사용설명서는 새로 안나왔나 라는 질문을 주셨는데요 먼저 답변부터 드리자면 그랜저 사용설명서는 업데이트 된게 없습니다,1,1,-1.0
첨부파일 쉐보레스파크카오디오사용설명서 파일 다운로드 필요하신 분이 있을 같아서 스캔한 김에 올려봅니다 문제되는 사항이면 말씀 주세요,1,1,0.0
빨래방 위치가 서울역에가깝다 보니 외국인 손님들이 많이 오시는 관계로 편하게 이용 하실수 있도록 영문 사용설명서 새로 만들어 걸어 놓았습니다,1,1,2.0
없는 여자 때문에 답답한 남자를 위한 여자 마음 설명서이다 필자의 나이 여자 마음 설명서는 남자에게 여자를 알리려는 목적으로 본다 같은,1,1,-1.0
생초보를 위한 암호화폐 설명서 주의하세요 생초보를 위한 암호화폐 설명서란 암호화폐는 디지털 자산의 일종으로 거래와 기록을 블록체인이라는 분산 원장 기술을 통해,1,1,0.0
확인설명서 개정된거 다운받으려면어디서 받을까요 개정된게 없다면 개정안된것도 상관없어요미리 감사드립니다 속보 중개사법 시행령 최신 개정,1,1,0.75
충분하지않을수있답니다 설명서의 규격은 시동시에 원활한 오일공급에 적합합니다 그래서 설명서 규격이 이모든 조건에 맞게 규정되어있다는 거지요 설명서대로,1,1,1.0
확인설명서는 법정서식이라 작성시 실수하시면 계약파기를 원하는 매수인에게 이유는 확인설명서 양식을 국토부에서 만들어져서 애매한 항목들이 있습니다 가령,1,1,-0.5
현대 아이오닉 페이스리프트 취급 설명서 매뉴얼 첨부파일 아이오닉 취급 설명서 매뉴얼 파일 다운로드,1,1,0.0
주식투자는 투자자에 따라 투기가 되기도 하고 투자가 되기도 합니다 지인이 추천해서 뉴스에서 엔비디아가 좋다고 해서 삼성전자가 우량주식이라고 해서,1,1,2.0
운행중 갑자기 붉은색 배터리모양 경고등에 사용설명서를 참고하시오 메세지 뜨면서 에어컨 시원한 바람이 안나오고 이때 에너지 흐름도를 보면 하이브리드 모드인데,1,1,0.5
자동화재속보기 설명서입니다 대부분 아파트같은데서 근무하시니 이런 작은 연락처 수정했습죠 첨부파일 자동화재속보기 설명서 파일 다운로드,1,1,-2.0
담당자님들 의안설명서는 다들 만드셨나요 회사마다 제작 방식이 다르겠지만 저는 년정도 전임자 하던대로 의안설명서 출력해서 타공하고 앞뒤 표지 넣고 스프링 끼우고,1,1,0.0
사용설명서 다운로드 가능한 있을까요 하루 빌려달래서 빌려 줬는데 시계를 이상하게 세팅해가지고 왔네요 기본 레이아웃으로 돌아가서 예전처럼 사용하고,1,1,0.6666666666666666
우주 사용 설명서 저자 수잔디 출판 하움출판사 발매 우주 사용 설명서란 제목과 표지를 보는 순간 내면의 세계에 관한 책인가 궁금했었다 저자 수잔디에 약력을,1,1,0.0
폰에 저장하고 검색함서 찾을수가 있어서 지류설명서보다 편해서 공유합니다 첨부파일 기아 쏘렌토세대 하이브 사용설명서 파일 다운로드 첨부파일 기아 쏘렌토세대,1,1,2.0
설명서는 삼국 조자룡전 메뉴얼입니다 삼국지파워업키드는 만원 메뉴얼은 만원에 판매합니다 배송은 부피가 작아서 등기로 보내고 직거래는 대구면 가능하십니다,1,1,2.0
상품설명서 모아두고 필요할 찾아보는 선호하는데 이런 경우에 카드사고객센터에 보내달라 요청하면 될까요 베브는 단종이라 설명서가 떨어진건가 싶기도 하고,1,1,-1.0
사용설명서 이죠 오늘도 회원님이 여러번제게 궁금한거 물어보기 미안하셨는지 경고등이 궁금한데 설명서 찾아보니 바로 센터 가야 하는것처럼 적혀 있어서 놀랐다고 연락,1,1,-1.0
확인설명서 작성 권리관계 등기부기재사항 토지 건축물의 소유권에 관한사항 등기부상의 소유자 주소와 주민등록상 주소가 다른경우 반드시 등기부상에 나타나는,1,1,0.0
인터폰 설명서 있으신 계실까요 모델은 공동현관 비밀번호로 들어오는걸까요 비번은 없고 카드키만 있다는데 애들이 매번 들고 다니기 힘들고 설명서는,1,1,-1.5
생초보를 위한 암호화폐 설명서 주의하기 생초보를 위한 암호화폐 설명서란 암호화폐에 대한 이해를 돕기 위한 설명서를 준비했습니다 암호화폐는 디지털 자산의,1,1,0.0
이번에 저희 아파트 자체점검하면서 배부했던 자료 공유합니다 첨부파일 공동주택 세대점검 설명서 파일 다운로드 성실멤버라 허수아비님 이후 댓글 안달리네요,1,1,0.0
확인 설명서에서 소공의 업무가 헷갈리네요 업무수행 했으면 작성 서명날인 해야되는지 시간 부족 시험 난이도 상승 결국 강사력 강추 시간,1,1,0.5
부동산 소장님 사용 설명서 저자 망둥이오성일 출판 아라크네 발매 오성일 저자의 부동산 소장님 사용 설명서는 부동산 초보자 일명 부린이들이 부동산,1,1,0.0
회원님들 대부분 등록증이랑 차량 설명서 조주석 글로브박스수납함에 넣어두셔서 공간 활용이 불편하실텐데 트렁크 열고 사진에 보이는 카바 열면 비밀공간이 나옵니다,1,1,-2.0
골판지전사 설명서 달롱넷에 있나요 아무리 찿아도 없네요 달롱넷처럼 골판지전사 리뷰나 설명서 있는 사이트 궁금합니다 왕눈이님 정크 나눔 조립하고 있는데,1,1,0.3333333333333333
여자 마음 설명서 저자 글보리 출판 두드림미디어 발매 그렇다고 포기하고 마음 설명서를 꺼내들었다 이제부터 여자의 마음을 들여다봐야겠다는 생각으로,1,1,-1.0
조립설명서 전면에 코드가 하나씩 있습니다 내일 사용할 리워드 포인트가 부족하신 분들은 그동안 모아뒀던 조립 설명서 있으시면 코드 찍으셔서 포인트 미리 적립해,1,1,-1.0
확인설명서 양식 출력하는곳이 있을까요 한방은 제가 들어가질 못해요소공이라대표님만 접속하심 주거용 비주거용 출력해서 보려하는데 아시는곳있음 부탁드려요,1,1,0.0
폰에 저장해 두셨다가 급할때 검색을 생활화해야겠네요 첨부파일 메뉴얼사용설명서 파일 다운로드 안전이 최우선입니다 오늘도 행복가득한 하루 되세요,1,1,1.0
요즘은 온새미가 부산 대안학교 거의 대표로 꼽히는듯 합니다 부산 대안학교 온새미학교 유럽여행 풍물공연 토요일 오후 부산 금정구,1,1,0.0
안녕하세요 중국에서 사입 판매 하시는분들 보통 대량으로 주문하면 포장이나 설명서가 없거나 포장 상태가 뜯어지거나 찢어져서 오는 경우가 많더라구요 그래서 포장을 제가,1,1,0.5
초보 개공 개월차 입니다 업무용 오피스텔을 주거용으로 사용하고 있느데 전입신고 안하는 조건으로 임대차계약을 하는데요 이럴땐 확인설명서를 주거용으로 해야하나요,1,1,0.0
세부사항 자료요구 매도인이 고지한이라고 표현해도 맞다고 본거 같은데 동형에선 오답인데 뭐가 맞는건가요 시간 부족 시험 난이도 상승 결국 강사력 공인중개사시험,1,1,-1.0
맞다하는데 제가 생각하기에도 전자기기는 대부분 콘센트 먼저 꼽고 하지않나요 근데 랑케레이시 설명서에는 콘센트 마지막에 하라네요 이게 설명서가 잘못된건지 에휴,1,1,0.5
오랜만에 잇팁 남자 여자 사용설명서를 써보네요 최근 잇팁 남자 여자에 대한 글이 종종 보이길래 사용설명서 사랑편에 대해 적어보려합니다 당신은 행성 잇팁 남자,1,1,2.0
아래의 게시자료는 상업적 저작권이 없는 자료입니다삭제금지 첨부파일 붙임작업중지 해제 절차 설명서 파일 다운로드 예전 자료지만 다시 절차기억할 보기,1,1,-1.0
데칼을 붙히려해도 설명서가 없어 못붙히고 있네요 조립설명서까지는 나와 있고 데칼설명서는 아예 없네요 원래 다반것은 그런건가요 혹시라도 구할수 있을까요,1,1,-0.6666666666666666
니로 풀체인지 사전예약 인증 앱인증도 많이 해주세요 오늘 신차로 나왓는데 인포테이먼트 설명서만 받고 자동차 사용설명서는 안받았는데 원래 안주나요,1,1,1.0
본게임인 설명서 제작에 들어갑니다 포장하면서 상태가 제일 떨어져 보이는 부품들을 따로 챙겨놓고 설명서 제작겸 실제 조립이 가능한지 검증을 위한,1,1,0.5
종류별로 서식 비교한거 이상하게 너무 너무 너무 보기 싫어요 한문제정도 나온다고 하던데 버려도 될까요 시간 부족 시험 난이도 상승 결국 강사력 공인중개사시험,1,1,-1.5
아이오닉 사용설명서가 드디어 홈페이지에 등록되었네요 알려줄 정보가 없으니 출고 연락이 것이니 미리 예습합시다 첨부파일 아이오닉사용설명서 파일 다운로드,1,1,-1.0
가끔 게임 패키지 사진을 보면 게임 설명서에도 비닐 포장을 하시는 분들이 계시더라고요 게임 기종마다 설명서의 규격이 다를텐데 이런 설명서 크기에 맞는 비닐을 구할,1,1,0.0
보통 데칼까지 붙이면 설명서는 미련없이 버리는 편인데요 우리의 달롱넷도 있겠다 걱정 없어서요 그런데 설명서는 처음으로 안버리려구요 그동안 수많은,1,1,-1.75
대출거래약정서에는 고정금리로 되어잇는데 만기까지 대출상품 설명서에는 년주기 변동금리로 체크되어있습니다 설명서는 국토부 관련내용이라 변동금리로,1,1,0.0
인사는 가입인사에 해주세요 운전경력 일차 왕왕왕초보입니다 파워 성격이라 이것저것 검색해보던 와중 설명서를 발견 페이지였나 암튼 정독했네요 웬만하면,1,1,0.0
년도 자산취득비 예산요구설명서 작성에 내년도에 헬스장에 노후기구를 바꾸려고 헬스장에 교체가 필요한 기구종을 예산요구설명서에 작성을 해서,1,1,0.0
